{
    "target_variables": [
        {
            "value": "ILI ED visits pct",
            "text": "Percentage of ED visits due to ILI",
            "plot_text": "Percentage of ED visits due to ILI"
        },
        {
            "value": "Flu ED visits pct",
            "text": "Percentage of ED visits due to influenza",
            "plot_text": "Percentage of ED visits due to influenza"
        }
    ],
    "initial_target_var": "ILI ED visits pct",
    "task_ids": {
        "ILI ED visits pct": {
            "location": [
                {
                    "value": "nyc",
                    "text": "NYC"
                }
            ]
        },
        "Flu ED visits pct": {
            "location": [
                {
                    "value": "denver",
                    "text": "Denver, CO"
                },
                {
                    "value": "mesa",
                    "text": "Mesa, CO"
                },
                {
                    "value": "colorado-springs",
                    "text": "Colorado Springs, CO"
                },
                {
                    "value": "weld",
                    "text": "Weld, CO"
                },
                {
                    "value": "boulder",
                    "text": "Boulder, CO"
                },
                {
                    "value": "larimer",
                    "text": "Larimer, CO"
                },
                {
                    "value": "colorado",
                    "text": "Colorado"
                },
                {
                    "value": "savannah",
                    "text": "Savannah, GA"
                },
                {
                    "value": "floyd",
                    "text": "Floyd, GA"
                },
                {
                    "value": "hall",
                    "text": "Hall, GA"
                },
                {
                    "value": "marietta",
                    "text": "Marietta, GA"
                },
                {
                    "value": "macon",
                    "text": "Macon, GA"
                },
                {
                    "value": "henry",
                    "text": "Henry, GA"
                },
                {
                    "value": "cherokee",
                    "text": "Cherokee, GA"
                },
                {
                    "value": "athens",
                    "text": "Athens, GA"
                },
                {
                    "value": "south-augusta",
                    "text": "South Augusta, GA"
                },
                {
                    "value": "columbus",
                    "text": "Columbus, GA"
                },
                {
                    "value": "la-grange",
                    "text": "La Grange, GA"
                },
                {
                    "value": "georgia",
                    "text": "Georgia"
                },
                {
                    "value": "indianapolis",
                    "text": "Indianapolis, IN"
                },
                {
                    "value": "indiana",
                    "text": "Indiana"
                },
                {
                    "value": "bangor",
                    "text": "Bangor, ME"
                },
                {
                    "value": "portland",
                    "text": "Portland, ME"
                },
                {
                    "value": "maine",
                    "text": "Maine"
                },
                {
                    "value": "baltimore",
                    "text": "Baltimore, MD"
                },
                {
                    "value": "frederick",
                    "text": "Frederick, MD"
                },
                {
                    "value": "montgomery",
                    "text": "Montgomery, MD"
                },
                {
                    "value": "harford",
                    "text": "Harford, MD"
                },
                {
                    "value": "maryland",
                    "text": "Maryland"
                },
                {
                    "value": "worcester",
                    "text": "Franklin & Worcester Counties, MA"
                },
                {
                    "value": "pittsfield",
                    "text": "Berkshire County, MA"
                },
                {
                    "value": "boston",
                    "text": "Boston Metro, South Shore, Cape & Islands, MA"
                },
                {
                    "value": "springfield",
                    "text": "Hampden & Hampshire Counties, MA"
                },
                {
                    "value": "new-bedford",
                    "text": "Bristol County, MA"
                },
                {
                    "value": "lynn",
                    "text": "Essex County, MA"
                },
                {
                    "value": "massachusetts",
                    "text": "Massachusetts"
                },
                {
                    "value": "st-paul",
                    "text": "St. Paul, MN"
                },
                {
                    "value": "duluth",
                    "text": "Duluth, MN"
                },
                {
                    "value": "minneapolis",
                    "text": "Minneapolis, MN"
                },
                {
                    "value": "st-cloud",
                    "text": "St. Cloud, MN"
                },
                {
                    "value": "rochester",
                    "text": "Rochester, MN"
                },
                {
                    "value": "minnesota",
                    "text": "Minnesota"
                },
                {
                    "value": "columbia",
                    "text": "Columbia, SC"
                },
                {
                    "value": "greenville",
                    "text": "Greenville, SC"
                },
                {
                    "value": "florence",
                    "text": "Florence, SC"
                },
                {
                    "value": "charleston",
                    "text": "Charleston, SC"
                },
                {
                    "value": "rock-hill",
                    "text": "Rock Hill, SC"
                },
                {
                    "value": "horry",
                    "text": "Horry, SC"
                },
                {
                    "value": "south-carolina",
                    "text": "South Carolina"
                },
                {
                    "value": "houston",
                    "text": "Houston, TX"
                },
                {
                    "value": "san-antonio",
                    "text": "San Antonio, TX"
                },
                {
                    "value": "beaumont",
                    "text": "Beaumont, TX"
                },
                {
                    "value": "el-paso",
                    "text": "El Paso, TX"
                },
                {
                    "value": "austin",
                    "text": "Austin, TX"
                },
                {
                    "value": "dallas",
                    "text": "Dallas, TX"
                },
                {
                    "value": "texas",
                    "text": "Texas"
                },
                {
                    "value": "provo",
                    "text": "Provo, UT"
                },
                {
                    "value": "salt-lake-city",
                    "text": "Salt Lake City, UT"
                },
                {
                    "value": "ogden",
                    "text": "Ogden, UT"
                },
                {
                    "value": "utah",
                    "text": "Utah"
                },
                {
                    "value": "roanoke",
                    "text": "Roanoke, VA"
                },
                {
                    "value": "virginia",
                    "text": "Virginia"
                },
                {
                    "value": "nenc",
                    "text": "Northeastern, NC"
                },
                {
                    "value": "senc",
                    "text": "Southeastern, NC"
                },
                {
                    "value": "fay-area",
                    "text": "Fayetteville Area, NC"
                },
                {
                    "value": "rtp-area",
                    "text": "Research Triangle Park Area, NC"
                },
                {
                    "value": "triad-area",
                    "text": "Triad Area, NC"
                },
                {
                    "value": "wnc",
                    "text": "Western, NC"
                },
                {
                    "value": "clt-area",
                    "text": "Charlotte Area, NC"
                },
                {
                    "value": "north-carolina",
                    "text": "North Carolina"
                }
            ]
        }
    },
    "initial_task_ids": {
        "location": "nyc"
    },
    "intervals": [
        "0%",
        "50%",
        "95%"
    ],
    "initial_interval": "95%",
    "available_as_ofs": {
        "ILI ED visits pct": [
            "2025-11-22",
            "2025-11-29",
            "2025-12-06",
            "2025-12-13",
            "2025-12-20",
            "2025-12-27"
        ],
        "Flu ED visits pct": [
            "2025-11-22",
            "2025-11-29",
            "2025-12-06",
            "2025-12-13",
            "2025-12-20",
            "2025-12-27"
        ]
    },
    "initial_as_of": "2025-12-27",
    "current_date": "2025-12-27",
    "models": [
        "epiENGAGE-ensemble_mean",
        "NAU-Copycat",
        "NAU-INFLAenza",
        "UMass-SAR",
        "UMass-alloy",
        "UT-GBQR",
        "VTSanghani-PRIME",
        "epiENGAGE-Copycat",
        "epiENGAGE-GBQR",
        "epiENGAGE-INFLAenza",
        "epiENGAGE-baseline",
        "epiENGAGE-lop_norm",
        "epiforecasts-dyngam"
    ],
    "initial_checked_models": [
        "epiENGAGE-ensemble_mean"
    ],
    "model_urls": {
        "epiENGAGE-ensemble_mean": "https://github.com/reichlab/flu-metrocast/blob/main/model-metadata/epiENGAGE-ensemble_mean.yml",
        "VTSanghani-PRIME": "https://github.com/reichlab/flu-metrocast/blob/main/model-metadata/VTSanghani-PRIME.yml",
        "epiENGAGE-baseline": "https://github.com/reichlab/flu-metrocast/blob/main/model-metadata/epiENGAGE-baseline.yml",
        "epiENGAGE-lop_norm": "https://github.com/reichlab/flu-metrocast/blob/main/model-metadata/epiENGAGE-lop_norm.yml",
        "epiforecasts-dyngam": "https://github.com/reichlab/flu-metrocast/blob/main/model-metadata/epiforecasts-dyngam.yml",
        "UMass-SAR": "https://github.com/reichlab/flu-metrocast/blob/main/model-metadata/UMass-SAR.yml",
        "epiENGAGE-INFLAenza": "https://github.com/reichlab/flu-metrocast/blob/main/model-metadata/epiENGAGE-INFLAenza.yml",
        "NAU-Copycat": "https://github.com/reichlab/flu-metrocast/blob/main/model-metadata/NAU-Copycat.yml",
        "UT-GBQR": "https://github.com/reichlab/flu-metrocast/blob/main/model-metadata/UT-GBQR.yml",
        "UMass-alloy": "https://github.com/reichlab/flu-metrocast/blob/main/model-metadata/UMass-alloy.yml",
        "epiENGAGE-GBQR": "https://github.com/reichlab/flu-metrocast/blob/main/model-metadata/epiENGAGE-GBQR.yml",
        "NAU-INFLAenza": "https://github.com/reichlab/flu-metrocast/blob/main/model-metadata/NAU-INFLAenza.yml",
        "epiENGAGE-Copycat": "https://github.com/reichlab/flu-metrocast/blob/main/model-metadata/epiENGAGE-Copycat.yml"
    },
    "disclaimer": "Observed counts are aggregated by week and predictions are made for each week. Dates associated with specific data points reflect the last day (Saturday) of the week.",
    "initial_xaxis_range": [
        "2025-08-01",
        "2026-07-01"
    ]
}